

--도서관관리

---회원정보	LIB_MEMBER
---도서정보	LIB_BOOK_INFO
---대출정보	LIB_BOOK_RENTAL
---언어코드정보  LIB_BOOK_LANGUAGE
---장르코드정보  LIB_BOOK_GENRE
---도서관코드정보 LIB_BOOK_LIBRARY



--도서코드(장르/도서관/언어)
--장르코드테이블
CREATE TABLE LIB_BOOK_GENRE(
    G_ID VARCHAR2(5) PRIMARY KEY NOT NULL,
    G_NAME VARCHAR2(30) NOT NULL
);

INSERT INTO LIB_BOOK_GENRE VALUES('FI','소설');
INSERT INTO LIB_BOOK_GENRE VALUES('PE','시/에세이');
INSERT INTO LIB_BOOK_GENRE VALUES('HT','취미/여행');
INSERT INTO LIB_BOOK_GENRE VALUES('ST','과학/기술');
INSERT INTO LIB_BOOK_GENRE VALUES('SH','인문/사회');
INSERT INTO LIB_BOOK_GENRE VALUES('EB','경제/경영');
INSERT INTO LIB_BOOK_GENRE VALUES('TE','수험서');
INSERT INTO LIB_BOOK_GENRE VALUES('AT','예술');
INSERT INTO LIB_BOOK_GENRE VALUES('CM','만화');
INSERT INTO LIB_BOOK_GENRE VALUES('MZ','잡지');

DROP TABLE LIB_BOOK_GENRE;
--TRUNCATE TABLE LIB_BOOK_GENRE;



--도서관코드 테이블 
CREATE TABLE LIB_BOOK_LIBRARY(
    L_ID VARCHAR2(5) NOT NULL,
    L_NAME VARCHAR2(30) NOT NULL
);

INSERT INTO LIB_BOOK_LIBRARY VALUES('HJ','합정도서관');
INSERT INTO LIB_BOOK_LIBRARY VALUES('GY','고양도서관');

--DROP TABLE LIB_BOOK_LIBRARY;
--TRUNCATE TABLE LIB_BOOK_LIBRARY;



--언어코드 테이블
CREATE TABLE LIB_BOOK_LANGUAGE(
    LAN_ID VARCHAR2(5) NOT NULL,
    LAN_NAME VARCHAR2(30) NOT NULL
);

INSERT INTO LIB_BOOK_LANGUAGE VALUES('K','한국어');
INSERT INTO LIB_BOOK_LANGUAGE VALUES('E','영어');
INSERT INTO LIB_BOOK_LANGUAGE VALUES('J','일본어');

--DROP TABLE LIB__BOOK_LANGUAGE;
--TRUNCATE TABLE LIB_BOOK_LANGUAGE;



--회원정보테이블
CREATE TABLE LIB_MEMBER(
    M_ID VARCHAR2(4) PRIMARY KEY,
    M_NAME VARCHAR2(10) NOT NULL,
    M_TEL VARCHAR2(13) NOT NULL CHECK(M_TEL like '010-____-____'),
    M_BIRTHDAY DATE NOT NULL,
    M_RENTAL_LEFT VARCHAR2(2) DEFAULT '3' NOT NULL
);

DROP TABLE LIB_MEMBER;
truncate table lib_member;

INSERT INTO LIB_MEMBER (M_ID, M_NAME, M_TEL, M_BIRTHDAY) VALUES ('M001', '김보성', '010-5776-1927', '2000-12-06');
INSERT INTO LIB_MEMBER (M_ID, M_NAME, M_TEL, M_BIRTHDAY) VALUES ('M002', '황예지', '010-3827-5448', '2002-01-06');
INSERT INTO LIB_MEMBER (M_ID, M_NAME, M_TEL, M_BIRTHDAY) VALUES ('M003', '김민준', '010-1234-5678', '1995-08-22');
INSERT INTO LIB_MEMBER (M_ID, M_NAME, M_TEL, M_BIRTHDAY) VALUES ('M004', '박민서', '010-2345-6789', '1998-03-15');
INSERT INTO LIB_MEMBER (M_ID, M_NAME, M_TEL, M_BIRTHDAY) VALUES ('M005', '최수현', '010-3456-7890', '2002-11-05');
INSERT INTO LIB_MEMBER (M_ID, M_NAME, M_TEL, M_BIRTHDAY) VALUES ('M006', '이하은', '010-4567-8901', '2005-07-19');
INSERT INTO LIB_MEMBER (M_ID, M_NAME, M_TEL, M_BIRTHDAY) VALUES ('M007', '정우진', '010-5678-9012', '1990-12-25');
INSERT INTO LIB_MEMBER (M_ID, M_NAME, M_TEL, M_BIRTHDAY) VALUES ('M008', '한지우', '010-6789-0123', '2008-09-30');


--책정보 테이블
CREATE TABLE LIB_BOOK_INFO (
    B_ID VARCHAR2(10) PRIMARY KEY NOT NULL ,
    B_TITLE VARCHAR2(90) NOT NULL,
    B_AUTHOR VARCHAR2(50) DEFAULT '무명' NOT NULL,
    B_PUBLISHER VARCHAR2(50) NOT NULL,
    B_RENTAL_STATUS VARCHAR2(1) DEFAULT 'Y' NOT NULL,
    CONSTRAINT CK_B_ID CHECK (REGEXP_LIKE(B_ID, '^[A-Z]{2}[A-Z]{2}[A-Z]{1}[0-9]{4}[A-Z]{1}$'))
);

DROP TABLE LIB_BOOK_INFO;
TRUNCATE TABLE LIB_BOOK_INFO;



--책 대출 테이블
CREATE TABLE LIB_BOOK_RENTAL(
    RENTAL_ID VARCHAR2(4) PRIMARY KEY NOT NULL,
    MEMBER_ID VARCHAR2(4) NOT NULL,
    BOOK_ID VARCHAR2(10) NOT NULL,
    RENTAL_DATE DATE NOT NULL, 
    RETURN_DATE DATE NOT NULL,
    RETURN_STATUS VARCHAR(1) DEFAULT 'N',
    FOREIGN KEY (MEMBER_ID) REFERENCES LIB_MEMBER(M_ID),
    FOREIGN KEY (BOOK_ID) REFERENCES LIB_BOOK_INFO(B_ID)
);
DROP TABLE LIB_BOOK_RENTAL;
TRUNCATE TABLE LIB_BOOK_RENTAL;

INSERT INTO LIB_BOOK_RENTAL (RENTAL_ID, MEMBER_ID, BOOK_ID, RENTAL_DATE, RETURN_DATE)
VALUES ('R001','M001','GYCMK2022A','2025-02-14',TO_DATE('2025-02-14')+15);
INSERT INTO LIB_BOOK_RENTAL (RENTAL_ID, MEMBER_ID, BOOK_ID, RENTAL_DATE, RETURN_DATE)
VALUES ('R002','M002','HJFIK2021A','2025-03-14',TO_DATE('2025-03-14')+15);
INSERT INTO LIB_BOOK_RENTAL (RENTAL_ID, MEMBER_ID, BOOK_ID, RENTAL_DATE, RETURN_DATE)
VALUES ('R003', 'M001','GYFIK2014A', '2025-03-20', TO_DATE('2025-03-20')+15);
INSERT INTO LIB_BOOK_RENTAL (RENTAL_ID, MEMBER_ID, BOOK_ID, RENTAL_DATE, RETURN_DATE)
VALUES ('R004', 'M006', 'HJSTJ2014A', '2025-03-15', TO_DATE('2025-03-15')+15);
INSERT INTO LIB_BOOK_RENTAL (RENTAL_ID, MEMBER_ID, BOOK_ID, RENTAL_DATE, RETURN_DATE)
VALUES ('R005', 'M003','HJPEK2020A', '2025-03-25', TO_DATE('2025-03-25')+15);
INSERT INTO LIB_BOOK_RENTAL (RENTAL_ID, MEMBER_ID, BOOK_ID, RENTAL_DATE, RETURN_DATE)
VALUES ('R006', 'M004','GYHTK2017A', '2025-03-26', TO_DATE('2025-03-26')+15);
INSERT INTO LIB_BOOK_RENTAL (RENTAL_ID, MEMBER_ID, BOOK_ID, RENTAL_DATE, RETURN_DATE)
VALUES ('R007', 'M005','GYSTK2021A', '2025-03-28', TO_DATE('2025-03-28')+15);
INSERT INTO LIB_BOOK_RENTAL (RENTAL_ID, MEMBER_ID, BOOK_ID, RENTAL_DATE, RETURN_DATE)
VALUES ('R008', 'M006','HJSHK2023A', '2025-03-29', TO_DATE('2025-03-29')+15);
INSERT INTO LIB_BOOK_RENTAL (RENTAL_ID, MEMBER_ID, BOOK_ID, RENTAL_DATE, RETURN_DATE)
VALUES ('R009', 'M007','HJEBK2023A', '2025-03-30', TO_DATE('2025-03-30')+15);
INSERT INTO LIB_BOOK_RENTAL (RENTAL_ID, MEMBER_ID, BOOK_ID, RENTAL_DATE, RETURN_DATE)
VALUES ('R010', 'M008','HJTEK2025A', '2025-03-20', TO_DATE('2025-03-20')+15);
INSERT INTO LIB_BOOK_RENTAL (RENTAL_ID, MEMBER_ID, BOOK_ID, RENTAL_DATE, RETURN_DATE)
VALUES ('R011', 'M001','HJATK2009A', '2025-03-17', TO_DATE('2025-03-17')+15);
INSERT INTO LIB_BOOK_RENTAL (RENTAL_ID, MEMBER_ID, BOOK_ID, RENTAL_DATE, RETURN_DATE)
VALUES ('R012', 'M003', 'HJFIJ2016A', '2025-03-30', TO_DATE('2025-03-30')+15);
INSERT INTO LIB_BOOK_RENTAL (RENTAL_ID, MEMBER_ID, BOOK_ID, RENTAL_DATE, RETURN_DATE)
VALUES ('R013', 'M002', 'HJPEJ2009A', '2025-03-02', TO_DATE('2025-03-02')+15);
INSERT INTO LIB_BOOK_RENTAL (RENTAL_ID, MEMBER_ID, BOOK_ID, RENTAL_DATE, RETURN_DATE)
VALUES ('R014', 'M004', 'GYSTE1995A', '2025-03-04', TO_DATE('2025-03-04')+15);
INSERT INTO LIB_BOOK_RENTAL (RENTAL_ID, MEMBER_ID, BOOK_ID, RENTAL_DATE, RETURN_DATE)
VALUES ('R015', 'M005', 'GYFIE2006B', '2025-03-05', TO_DATE('2025-03-05')+15);



























--한국소설
INSERT INTO LIB_BOOK_INFO ( B_ID, B_TITLE, B_AUTHOR, B_PUBLISHER)
VALUES ('GYFIK2014A','소년이 온다','한강','창비');
INSERT INTO LIB_BOOK_INFO ( B_ID, B_TITLE, B_AUTHOR, B_PUBLISHER)
VALUES ('HJFIK2015A','스토너','존 윌리엄스','알에이치코리아');
INSERT INTO LIB_BOOK_INFO ( B_ID, B_TITLE, B_AUTHOR, B_PUBLISHER)
VALUES ('GYFIK2022A','급류','정대건','민음사');
INSERT INTO LIB_BOOK_INFO ( B_ID, B_TITLE, B_AUTHOR, B_PUBLISHER)
VALUES ('HJFIK2021A','작별하지 않는다','한강','문학동네');

--한국 시/에세이
INSERT INTO LIB_BOOK_INFO ( B_ID, B_TITLE, B_AUTHOR, B_PUBLISHER)
VALUES ('HJPEK2020A','꽃을 보듯 너를 본다','나태주','지혜');
INSERT INTO LIB_BOOK_INFO ( B_ID, B_TITLE, B_AUTHOR, B_PUBLISHER)
VALUES ('GYPEK2013A','서랍에 저녁을 넣어 두었다','한강','문학과지성사');
INSERT INTO LIB_BOOK_INFO ( B_ID, B_TITLE, B_AUTHOR, B_PUBLISHER)
VALUES ('HJPEK2020B','소년과 두더지와 여우의 말','찰리 맥커시','상상의 힘');
INSERT INTO LIB_BOOK_INFO ( B_ID, B_TITLE, B_AUTHOR, B_PUBLISHER)
VALUES ('GYPEK2022A','잘했고 잘하고 있고 잘 될 것이다','정영욱','부크럼');

--한국 취미/여행
INSERT INTO LIB_BOOK_INFO ( B_ID, B_TITLE, B_AUTHOR, B_PUBLISHER)
VALUES ('GYHTK2017A','매일매일 두뇌 트레이닝 스도쿠 600','손호성','봄봄스쿨');
INSERT INTO LIB_BOOK_INFO ( B_ID, B_TITLE, B_AUTHOR, B_PUBLISHER)
VALUES ('HJHTK2020A','데코폴리 스티커 컬러링 북: 강아지','.DNA디자인스튜디오','DNA디자인');
INSERT INTO LIB_BOOK_INFO ( B_ID, B_TITLE, B_AUTHOR, B_PUBLISHER)
VALUES ('HJHTK2025A','디스 이즈 파리(2025~2026)','김민준 외','테라출판사');
INSERT INTO LIB_BOOK_INFO ( B_ID, B_TITLE, B_AUTHOR, B_PUBLISHER)
VALUES ('HJHTK2025B','디스 이즈 스페인(2025~2026)','천혜진','테라출판사');

--과학/기술
INSERT INTO LIB_BOOK_INFO ( B_ID, B_TITLE, B_AUTHOR, B_PUBLISHER)
VALUES ('GYSTK2021A','물고기는 존재하지 않는다','룰루 밀러','곰출판');
INSERT INTO LIB_BOOK_INFO ( B_ID, B_TITLE, B_AUTHOR, B_PUBLISHER)
VALUES ('GYSTK2010A','코스모스','칼 세이건','사이언스북스');
INSERT INTO LIB_BOOK_INFO ( B_ID, B_TITLE, B_AUTHOR, B_PUBLISHER)
VALUES ('HJSTK2023A','이기적 유전자','리처드 도킨스','을유문화사');
INSERT INTO LIB_BOOK_INFO ( B_ID, B_TITLE, B_AUTHOR, B_PUBLISHER)
VALUES ('GYSTK2021B','다정한 것이 살아남는다','브라이언 헤어 외','디플롯');

--인문/사회
INSERT INTO LIB_BOOK_INFO ( B_ID, B_TITLE, B_AUTHOR, B_PUBLISHER)
VALUES ('HJSHK2023A','사피엔스','유발 하라리','김영사');
INSERT INTO LIB_BOOK_INFO ( B_ID, B_TITLE, B_AUTHOR, B_PUBLISHER)
VALUES ('GYSHK2019A','사랑의 기술','에리히 프롬','문예출판사');
INSERT INTO LIB_BOOK_INFO ( B_ID, B_TITLE, B_AUTHOR, B_PUBLISHER)
VALUES ('HJSHK2024A','어떻게 민주주의는 무너지는가','스티븐 레비츠키 외','어크로스');
INSERT INTO LIB_BOOK_INFO ( B_ID, B_TITLE, B_AUTHOR, B_PUBLISHER)
VALUES ('GYSHK2016A','왜 세계의 절반은 굶주리는가?','장 지글러','갈라파고스');

--경제/경영
INSERT INTO LIB_BOOK_INFO ( B_ID, B_TITLE, B_AUTHOR, B_PUBLISHER)
VALUES ('HJEBK2023A','돈의 심리학','모건 하우절','인플루엔셜');
INSERT INTO LIB_BOOK_INFO ( B_ID, B_TITLE, B_AUTHOR, B_PUBLISHER)
VALUES ('GYEBK2013A','자본주의','EBS 자본주의 제작팀','가나출판사');
INSERT INTO LIB_BOOK_INFO ( B_ID, B_TITLE, B_AUTHOR, B_PUBLISHER)
VALUES ('GYEBK2020A','돈의 속성','김승호','스노우폭스북스');
INSERT INTO LIB_BOOK_INFO ( B_ID, B_TITLE, B_AUTHOR, B_PUBLISHER)
VALUES ('HJEBK2018A','생각에 관한 생각','대니얼 카너먼','김영사');

--수험서
INSERT INTO LIB_BOOK_INFO ( B_ID, B_TITLE, B_AUTHOR, B_PUBLISHER)
VALUES ('HJTEK2025A','2025 객관식세법 2','원재훈 외','나우퍼블리셔');
INSERT INTO LIB_BOOK_INFO ( B_ID, B_TITLE, B_AUTHOR, B_PUBLISHER)
VALUES ('GYTEK2025B','2025 세법플러스','원재훈 외','나우퍼블리셔');
INSERT INTO LIB_BOOK_INFO ( B_ID, B_TITLE, B_AUTHOR, B_PUBLISHER)
VALUES ('GYTEK2025C','2025 핵심정리 사회보험법','이주현','새흐름');
INSERT INTO LIB_BOOK_INFO ( B_ID, B_TITLE, B_AUTHOR, B_PUBLISHER)
VALUES ('GYTEK2024A','2025 하루에 끝장내기 재정학','정병열','세경북스');

--예술
INSERT INTO LIB_BOOK_INFO ( B_ID, B_TITLE, B_AUTHOR, B_PUBLISHER)
VALUES ('HJATK2009A','스즈키 바이올린 교본 1','세광음악출판사 편집부','세광음악출판사');
INSERT INTO LIB_BOOK_INFO ( B_ID, B_TITLE, B_AUTHOR, B_PUBLISHER)
VALUES ('GYATK2022A','수인×이종족 캐릭터 디자인','스미요시 료','므큐');
INSERT INTO LIB_BOOK_INFO ( B_ID, B_TITLE, B_AUTHOR, B_PUBLISHER)
VALUES ('GYATK2016A','룰루랄라 신나는 우쿨렐레 1','정광교 외','디자인기타');
INSERT INTO LIB_BOOK_INFO ( B_ID, B_TITLE, B_AUTHOR, B_PUBLISHER)
VALUES ('HJATK2006A','나의 첫 바이올린 연주곡집','황운순','현대음악출판사');

--만화
INSERT INTO LIB_BOOK_INFO ( B_ID, B_TITLE, B_AUTHOR, B_PUBLISHER)
VALUES ('GYCMK2022A','오란고교 호스트부 1','Bisco Hatori','학산문화사');
INSERT INTO LIB_BOOK_INFO ( B_ID, B_TITLE, B_AUTHOR, B_PUBLISHER)
VALUES ('HJCMK2022B', '나츠메 우인장25', 'Yuki Midorikawa', '대원씨아이');
INSERT INTO LIB_BOOK_INFO ( B_ID, B_TITLE, B_AUTHOR, B_PUBLISHER)
VALUES ('HJCMK2022C', '진격의 거인34', 'Hajime Isayama', '위즈덤하우스');
INSERT INTO LIB_BOOK_INFO ( B_ID, B_TITLE, B_AUTHOR, B_PUBLISHER)
VALUES ('HJCMK2022D', '너의 이름은', 'Makoto Shinkai', '대원씨아이');

--잡지
INSERT INTO LIB_BOOK_INFO ( B_ID, B_TITLE, B_AUTHOR, B_PUBLISHER)
VALUES ('GYMZK2022A','보스토크(Vostok). 33','보스토크 프레스 편집부','보스토크프레스');
INSERT INTO LIB_BOOK_INFO ( B_ID, B_TITLE, B_AUTHOR, B_PUBLISHER)
VALUES ('HJMZK2018A','매거진 B No 70: Porshe(한글판)','매거진 B 편집부','비미디어컴퍼니');
INSERT INTO LIB_BOOK_INFO ( B_ID, B_TITLE, B_AUTHOR, B_PUBLISHER)
VALUES ('HJMZK2017A','매거진 B No 53: 무인양품(MUJI)(한글판)','매거진 B 편집부','비미디어컴퍼니');
INSERT INTO LIB_BOOK_INFO ( B_ID, B_TITLE, B_AUTHOR, B_PUBLISHER)
VALUES ('GYMZK2015A','매거진 B No 37: Tsutaya(한글판)','매거진 B 편집부','비미디어컴퍼니');

-- 영어 서적 (소설)
INSERT INTO LIB_BOOK_INFO (B_ID, B_TITLE, B_AUTHOR, B_PUBLISHER) 
VALUES ('FIE2006A', 'The Road', 'Cormac McCarthy', 'Vintage Books'); -- 소설
INSERT INTO LIB_BOOK_INFO (B_ID, B_TITLE, B_AUTHOR, B_PUBLISHER) 
VALUES ('GYFIE2006B', 'The Alchemist', 'Paulo Coelho', 'HarperOne'); -- 소설
INSERT INTO LIB_BOOK_INFO (B_ID, B_TITLE, B_AUTHOR, B_PUBLISHER) 
VALUES ('GYFIE2008C', 'The Kite Runner', 'Khaled Hosseini', 'Riverhead Books'); -- 소설
INSERT INTO LIB_BOOK_INFO (B_ID, B_TITLE, B_AUTHOR, B_PUBLISHER) 
VALUES ('GYFIE2010D', 'The Girl with the Dragon Tattoo', 'Stieg Larsson', 'Norstedts Förlag'); -- 소설

-- 영어 서적 (시/에세이)
INSERT INTO LIB_BOOK_INFO (B_ID, B_TITLE, B_AUTHOR, B_PUBLISHER) 
VALUES ('GYPEE2011A', 'The Help', 'Kathryn Stockett', 'Penguin Group'); -- 시/에세이
INSERT INTO LIB_BOOK_INFO (B_ID, B_TITLE, B_AUTHOR, B_PUBLISHER) 
VALUES ('GYPEE2014B', 'Gone Girl', 'Gillian Flynn', 'Crown Publishing Group'); -- 시/에세이
INSERT INTO LIB_BOOK_INFO (B_ID, B_TITLE, B_AUTHOR, B_PUBLISHER) 
VALUES ('GYPEE2017C', 'The Underground Railroad', 'Colson Whitehead', 'Doubleday'); -- 시/에세이

-- 영어 서적 (과학/기술)
INSERT INTO LIB_BOOK_INFO (B_ID, B_TITLE, B_AUTHOR, B_PUBLISHER) 
VALUES ('GYSTE1995A', 'The Selfish Gene', 'Richard Dawkins', 'Oxford University Press'); -- 과학/기술
INSERT INTO LIB_BOOK_INFO (B_ID, B_TITLE, B_AUTHOR, B_PUBLISHER) 
VALUES ('GYSTE2000B', 'A Brief History of Time', 'Stephen Hawking', 'Bantam Books'); -- 과학/기술
INSERT INTO LIB_BOOK_INFO (B_ID, B_TITLE, B_AUTHOR, B_PUBLISHER) 
VALUES ('GYSTE2008C', 'Freakonomics', 'Steven D. Levitt & Stephen J. Dubner', 'William Morrow'); -- 과학/기술
INSERT INTO LIB_BOOK_INFO (B_ID, B_TITLE, B_AUTHOR, B_PUBLISHER) 
VALUES ('GYSTE2005D', 'The Singularity Is Near', 'Ray Kurzweil', 'Viking'); -- 과학/기술

-- 일본어 서적 (소설)
INSERT INTO LIB_BOOK_INFO (B_ID, B_TITLE, B_AUTHOR, B_PUBLISHER) 
VALUES ('HJFIJ2016A', '너의 이름은.', 'Makoto Shinkai', '대원씨아이'); -- 소설
INSERT INTO LIB_BOOK_INFO (B_ID, B_TITLE, B_AUTHOR, B_PUBLISHER) 
VALUES ('HJFIJ2003B', '스즈미야 하루히의 우울', '타니가와 나쓰키', '미래엔'); -- 소설
INSERT INTO LIB_BOOK_INFO (B_ID, B_TITLE, B_AUTHOR, B_PUBLISHER) 
VALUES ('HJFIJ2006C', '클럽', '타카하시 요시유키', '북폴리오'); -- 소설
INSERT INTO LIB_BOOK_INFO (B_ID, B_TITLE, B_AUTHOR, B_PUBLISHER) 
VALUES ('HJFIJ2008D', '카모메 식당', '히가시노 게이고', '소담출판사'); -- 소설

-- 일본어 서적 (시/에세이)
INSERT INTO LIB_BOOK_INFO (B_ID, B_TITLE, B_AUTHOR, B_PUBLISHER) 
VALUES ('HJPEJ2009A', '백설공주에게 죽음을', 'S. J. 워드', '알에이치코리아'); -- 시/에세이
INSERT INTO LIB_BOOK_INFO (B_ID, B_TITLE, B_AUTHOR, B_PUBLISHER) 
VALUES ('HJPEJ2008B', '엄마를 부탁해', '신경숙', '창비'); -- 시/에세이
INSERT INTO LIB_BOOK_INFO (B_ID, B_TITLE, B_AUTHOR, B_PUBLISHER) 
VALUES ('HJPEJ2018C', '작별인사', '김영하', '문학동네'); -- 시/에세이

-- 일본어 서적 (과학/기술)
INSERT INTO LIB_BOOK_INFO (B_ID, B_TITLE, B_AUTHOR, B_PUBLISHER) 
VALUES ('HJSTJ2014A', '에너지의 미래', '엘리자베스 코스트로프', '시공사'); -- 과학/기술


